model_id,analysis_role,condition_id,seed,candidate_representation,delta_log_loss,delta_brier_score,log_loss_sign,brier_score_sign,log_loss_sign_reversal_vs_baseline,brier_score_sign_reversal_vs_baseline,log_loss_rank_order,brier_score_rank_order,log_loss_rank_reversal_vs_baseline,brier_score_rank_reversal_vs_baseline
observable_pfa_logistic_primary,primary,baseline_minimum_g10_s10,20260829,coarse_linguistic_families,0.008305551935417155,0.004029021383834708,positive,positive,False,False,true_kstar>structural_split2>coarse_linguistic_families,true_kstar>structural_split2>coarse_linguistic_families,False,False
observable_pfa_logistic_primary,primary,baseline_minimum_g10_s10,20260829,structural_split2,0.003574523539660146,0.0017437685177723317,positive,positive,False,False,true_kstar>structural_split2>coarse_linguistic_families,true_kstar>structural_split2>coarse_linguistic_families,False,False
empirical_history_secondary,secondary,baseline_minimum_g10_s10,20260829,coarse_linguistic_families,0.005170963905554271,0.002815279200734988,positive,positive,False,False,true_kstar>coarse_linguistic_families>structural_split2,true_kstar>coarse_linguistic_families>structural_split2,False,False
empirical_history_secondary,secondary,baseline_minimum_g10_s10,20260829,structural_split2,0.009724581998823867,0.004264612201038076,positive,positive,False,False,true_kstar>coarse_linguistic_families>structural_split2,true_kstar>coarse_linguistic_families>structural_split2,False,False
bkt_mean_full_credit_secondary,secondary,baseline_minimum_g10_s10,20260829,coarse_linguistic_families,0.0904666764781914,0.027296683659354337,positive,positive,False,False,structural_split2>true_kstar>coarse_linguistic_families,structural_split2>true_kstar>coarse_linguistic_families,False,False
bkt_mean_full_credit_secondary,secondary,baseline_minimum_g10_s10,20260829,structural_split2,-0.03301820945265421,-0.009286317909471431,negative,negative,False,False,structural_split2>true_kstar>coarse_linguistic_families,structural_split2>true_kstar>coarse_linguistic_families,False,False
observable_pfa_logistic_primary,primary,baseline_minimum_g10_s10,20260830,coarse_linguistic_families,0.007897543077854285,0.003826623780554206,positive,positive,False,False,true_kstar>structural_split2>coarse_linguistic_families,true_kstar>structural_split2>coarse_linguistic_families,False,False
observable_pfa_logistic_primary,primary,baseline_minimum_g10_s10,20260830,structural_split2,0.003147743415846005,0.0015321339141852464,positive,positive,False,False,true_kstar>structural_split2>coarse_linguistic_families,true_kstar>structural_split2>coarse_linguistic_families,False,False
empirical_history_secondary,secondary,baseline_minimum_g10_s10,20260830,coarse_linguistic_families,0.005742229143524402,0.0030967161031287826,positive,positive,False,False,true_kstar>coarse_linguistic_families>structural_split2,true_kstar>coarse_linguistic_families>structural_split2,False,False
empirical_history_secondary,secondary,baseline_minimum_g10_s10,20260830,structural_split2,0.00942606113385791,0.004168046537678272,positive,positive,False,False,true_kstar>coarse_linguistic_families>structural_split2,true_kstar>coarse_linguistic_families>structural_split2,False,False
bkt_mean_full_credit_secondary,secondary,baseline_minimum_g10_s10,20260830,coarse_linguistic_families,0.08540620186265413,0.025780563260833056,positive,positive,False,False,structural_split2>true_kstar>coarse_linguistic_families,structural_split2>true_kstar>coarse_linguistic_families,False,False
bkt_mean_full_credit_secondary,secondary,baseline_minimum_g10_s10,20260830,structural_split2,-0.03249609628853356,-0.009607381123560632,negative,negative,False,False,structural_split2>true_kstar>coarse_linguistic_families,structural_split2>true_kstar>coarse_linguistic_families,False,False
observable_pfa_logistic_primary,primary,baseline_minimum_g10_s10,20260831,coarse_linguistic_families,0.0075682236274652315,0.0036794271324256944,positive,positive,False,False,true_kstar>structural_split2>coarse_linguistic_families,true_kstar>structural_split2>coarse_linguistic_families,False,False
observable_pfa_logistic_primary,primary,baseline_minimum_g10_s10,20260831,structural_split2,0.003000938669950104,0.0014753630806170481,positive,positive,False,False,true_kstar>structural_split2>coarse_linguistic_families,true_kstar>structural_split2>coarse_linguistic_families,False,False
empirical_history_secondary,secondary,baseline_minimum_g10_s10,20260831,coarse_linguistic_families,0.004294609918428338,0.0023669349903139847,positive,positive,False,False,true_kstar>coarse_linguistic_families>structural_split2,true_kstar>coarse_linguistic_families>structural_split2,False,False
empirical_history_secondary,secondary,baseline_minimum_g10_s10,20260831,structural_split2,0.00914786213733132,0.004055447993412953,positive,positive,False,False,true_kstar>coarse_linguistic_families>structural_split2,true_kstar>coarse_linguistic_families>structural_split2,False,False
bkt_mean_full_credit_secondary,secondary,baseline_minimum_g10_s10,20260831,coarse_linguistic_families,0.08579641263827509,0.026120046245544815,positive,positive,False,False,structural_split2>true_kstar>coarse_linguistic_families,structural_split2>true_kstar>coarse_linguistic_families,False,False
bkt_mean_full_credit_secondary,secondary,baseline_minimum_g10_s10,20260831,structural_split2,-0.031244227347069664,-0.008686574542527914,negative,negative,False,False,structural_split2>true_kstar>coarse_linguistic_families,structural_split2>true_kstar>coarse_linguistic_families,False,False
observable_pfa_logistic_primary,primary,noise_g00_s00,20260829,coarse_linguistic_families,0.016957251109512073,0.008036047174533878,positive,positive,False,False,true_kstar>structural_split2>coarse_linguistic_families,true_kstar>structural_split2>coarse_linguistic_families,False,False
observable_pfa_logistic_primary,primary,noise_g00_s00,20260829,structural_split2,0.006635873726053565,0.0031614183229161374,positive,positive,False,False,true_kstar>structural_split2>coarse_linguistic_families,true_kstar>structural_split2>coarse_linguistic_families,False,False
empirical_history_secondary,secondary,noise_g00_s00,20260829,coarse_linguistic_families,0.012703882803368094,0.006424848627909874,positive,positive,False,False,true_kstar>structural_split2>coarse_linguistic_families,true_kstar>structural_split2>coarse_linguistic_families,True,True
empirical_history_secondary,secondary,noise_g00_s00,20260829,structural_split2,0.009744100550838741,0.004295155688635199,positive,positive,False,False,true_kstar>structural_split2>coarse_linguistic_families,true_kstar>structural_split2>coarse_linguistic_families,True,True
bkt_mean_full_credit_secondary,secondary,noise_g00_s00,20260829,coarse_linguistic_families,0.09799584602386391,0.030107223356540924,positive,positive,False,False,structural_split2>true_kstar>coarse_linguistic_families,structural_split2>true_kstar>coarse_linguistic_families,False,False
bkt_mean_full_credit_secondary,secondary,noise_g00_s00,20260829,structural_split2,-0.02623867933512114,-0.007069377146948219,negative,negative,False,False,structural_split2>true_kstar>coarse_linguistic_families,structural_split2>true_kstar>coarse_linguistic_families,False,False
observable_pfa_logistic_primary,primary,noise_g00_s00,20260830,coarse_linguistic_families,0.016099155789931263,0.007628914299723788,positive,positive,False,False,true_kstar>structural_split2>coarse_linguistic_families,true_kstar>structural_split2>coarse_linguistic_families,False,False
observable_pfa_logistic_primary,primary,noise_g00_s00,20260830,structural_split2,0.005698656715236505,0.0027246167145057454,positive,positive,False,False,true_kstar>structural_split2>coarse_linguistic_families,true_kstar>structural_split2>coarse_linguistic_families,False,False
empirical_history_secondary,secondary,noise_g00_s00,20260830,coarse_linguistic_families,0.012475507743204606,0.0063403793097772665,positive,positive,False,False,true_kstar>structural_split2>coarse_linguistic_families,true_kstar>structural_split2>coarse_linguistic_families,True,True
empirical_history_secondary,secondary,noise_g00_s00,20260830,structural_split2,0.009162716887031297,0.004057055957784689,positive,positive,False,False,true_kstar>structural_split2>coarse_linguistic_families,true_kstar>structural_split2>coarse_linguistic_families,True,True
bkt_mean_full_credit_secondary,secondary,noise_g00_s00,20260830,coarse_linguistic_families,0.0935607630378602,0.028621387437045898,positive,positive,False,False,structural_split2>true_kstar>coarse_linguistic_families,structural_split2>true_kstar>coarse_linguistic_families,False,False
bkt_mean_full_credit_secondary,secondary,noise_g00_s00,20260830,structural_split2,-0.02731822954346297,-0.007770661348774965,negative,negative,False,False,structural_split2>true_kstar>coarse_linguistic_families,structural_split2>true_kstar>coarse_linguistic_families,False,False
observable_pfa_logistic_primary,primary,noise_g00_s00,20260831,coarse_linguistic_families,0.016031677611880957,0.007636278991593942,positive,positive,False,False,true_kstar>structural_split2>coarse_linguistic_families,true_kstar>structural_split2>coarse_linguistic_families,False,False
observable_pfa_logistic_primary,primary,noise_g00_s00,20260831,structural_split2,0.005572920702646589,0.0027033170493858394,positive,positive,False,False,true_kstar>structural_split2>coarse_linguistic_families,true_kstar>structural_split2>coarse_linguistic_families,False,False
empirical_history_secondary,secondary,noise_g00_s00,20260831,coarse_linguistic_families,0.011422090579922384,0.005844086413471922,positive,positive,False,False,true_kstar>structural_split2>coarse_linguistic_families,true_kstar>structural_split2>coarse_linguistic_families,True,True
empirical_history_secondary,secondary,noise_g00_s00,20260831,structural_split2,0.00885858576828924,0.003941011229692398,positive,positive,False,False,true_kstar>structural_split2>coarse_linguistic_families,true_kstar>structural_split2>coarse_linguistic_families,True,True
bkt_mean_full_credit_secondary,secondary,noise_g00_s00,20260831,coarse_linguistic_families,0.09090397996055999,0.02809041573835591,positive,positive,False,False,structural_split2>true_kstar>coarse_linguistic_families,structural_split2>true_kstar>coarse_linguistic_families,False,False
bkt_mean_full_credit_secondary,secondary,noise_g00_s00,20260831,structural_split2,-0.027771513182850427,-0.007698928292318052,negative,negative,False,False,structural_split2>true_kstar>coarse_linguistic_families,structural_split2>true_kstar>coarse_linguistic_families,False,False
observable_pfa_logistic_primary,primary,noise_g20_s10,20260829,coarse_linguistic_families,0.005684104753418628,0.0026884978315495633,positive,positive,False,False,true_kstar>structural_split2>coarse_linguistic_families,true_kstar>structural_split2>coarse_linguistic_families,False,False
observable_pfa_logistic_primary,primary,noise_g20_s10,20260829,structural_split2,0.0024574651900133304,0.001175870250043426,positive,positive,False,False,true_kstar>structural_split2>coarse_linguistic_families,true_kstar>structural_split2>coarse_linguistic_families,False,False
empirical_history_secondary,secondary,noise_g20_s10,20260829,coarse_linguistic_families,0.0021642736483948877,0.0011658155548517068,positive,positive,False,False,true_kstar>coarse_linguistic_families>structural_split2,true_kstar>coarse_linguistic_families>structural_split2,False,False
empirical_history_secondary,secondary,noise_g20_s10,20260829,structural_split2,0.011160801907551976,0.005050207106164578,positive,positive,False,False,true_kstar>coarse_linguistic_families>structural_split2,true_kstar>coarse_linguistic_families>structural_split2,False,False
bkt_mean_full_credit_secondary,secondary,noise_g20_s10,20260829,coarse_linguistic_families,0.08101603450851613,0.022755904258147663,positive,positive,False,False,structural_split2>true_kstar>coarse_linguistic_families,structural_split2>true_kstar>coarse_linguistic_families,False,False
bkt_mean_full_credit_secondary,secondary,noise_g20_s10,20260829,structural_split2,-0.03340935287925273,-0.00844015187768915,negative,negative,False,False,structural_split2>true_kstar>coarse_linguistic_families,structural_split2>true_kstar>coarse_linguistic_families,False,False
observable_pfa_logistic_primary,primary,noise_g20_s10,20260830,coarse_linguistic_families,0.005153998830241369,0.002425234369742929,positive,positive,False,False,true_kstar>structural_split2>coarse_linguistic_families,true_kstar>structural_split2>coarse_linguistic_families,False,False
observable_pfa_logistic_primary,primary,noise_g20_s10,20260830,structural_split2,0.001970771292817197,0.0009424447650135115,positive,positive,False,False,true_kstar>structural_split2>coarse_linguistic_families,true_kstar>structural_split2>coarse_linguistic_families,False,False
empirical_history_secondary,secondary,noise_g20_s10,20260830,coarse_linguistic_families,0.0025334075626278763,0.0012973661430797367,positive,positive,False,False,true_kstar>coarse_linguistic_families>structural_split2,true_kstar>coarse_linguistic_families>structural_split2,False,False
empirical_history_secondary,secondary,noise_g20_s10,20260830,structural_split2,0.010781824075628554,0.004897668338940425,positive,positive,False,False,true_kstar>coarse_linguistic_families>structural_split2,true_kstar>coarse_linguistic_families>structural_split2,False,False
bkt_mean_full_credit_secondary,secondary,noise_g20_s10,20260830,coarse_linguistic_families,0.07750799756043636,0.021789728398064312,positive,positive,False,False,structural_split2>true_kstar>coarse_linguistic_families,structural_split2>true_kstar>coarse_linguistic_families,False,False
bkt_mean_full_credit_secondary,secondary,noise_g20_s10,20260830,structural_split2,-0.032703185676472124,-0.008479523130961841,negative,negative,False,False,structural_split2>true_kstar>coarse_linguistic_families,structural_split2>true_kstar>coarse_linguistic_families,False,False
observable_pfa_logistic_primary,primary,noise_g20_s10,20260831,coarse_linguistic_families,0.004938254576601797,0.0023338096070982806,positive,positive,False,False,true_kstar>structural_split2>coarse_linguistic_families,true_kstar>structural_split2>coarse_linguistic_families,False,False
observable_pfa_logistic_primary,primary,noise_g20_s10,20260831,structural_split2,0.002236780603503963,0.0010782494213837368,positive,positive,False,False,true_kstar>structural_split2>coarse_linguistic_families,true_kstar>structural_split2>coarse_linguistic_families,False,False
empirical_history_secondary,secondary,noise_g20_s10,20260831,coarse_linguistic_families,0.001440394261012834,0.0008238921921486508,positive,positive,False,False,true_kstar>coarse_linguistic_families>structural_split2,true_kstar>coarse_linguistic_families>structural_split2,False,False
empirical_history_secondary,secondary,noise_g20_s10,20260831,structural_split2,0.010302933116389634,0.004654232541453779,positive,positive,False,False,true_kstar>coarse_linguistic_families>structural_split2,true_kstar>coarse_linguistic_families>structural_split2,False,False
bkt_mean_full_credit_secondary,secondary,noise_g20_s10,20260831,coarse_linguistic_families,0.07958479373326521,0.022289439149802415,positive,positive,False,False,structural_split2>true_kstar>coarse_linguistic_families,structural_split2>true_kstar>coarse_linguistic_families,False,False
bkt_mean_full_credit_secondary,secondary,noise_g20_s10,20260831,structural_split2,-0.03542753072833693,-0.008918187863362737,negative,negative,False,False,structural_split2>true_kstar>coarse_linguistic_families,structural_split2>true_kstar>coarse_linguistic_families,False,False
observable_pfa_logistic_primary,primary,noise_g10_s20,20260829,coarse_linguistic_families,0.00569206284931234,0.0028231204886639827,positive,positive,False,False,true_kstar>structural_split2>coarse_linguistic_families,true_kstar>structural_split2>coarse_linguistic_families,False,False
observable_pfa_logistic_primary,primary,noise_g10_s20,20260829,structural_split2,0.0025256018773430755,0.0012494832242764264,positive,positive,False,False,true_kstar>structural_split2>coarse_linguistic_families,true_kstar>structural_split2>coarse_linguistic_families,False,False
empirical_history_secondary,secondary,noise_g10_s20,20260829,coarse_linguistic_families,0.0029300037172839133,0.0017846810250604639,positive,positive,False,False,true_kstar>coarse_linguistic_families>structural_split2,true_kstar>coarse_linguistic_families>structural_split2,False,False
empirical_history_secondary,secondary,noise_g10_s20,20260829,structural_split2,0.00844750535393235,0.0035363925717034617,positive,positive,False,False,true_kstar>coarse_linguistic_families>structural_split2,true_kstar>coarse_linguistic_families>structural_split2,False,False
bkt_mean_full_credit_secondary,secondary,noise_g10_s20,20260829,coarse_linguistic_families,0.07895464709539357,0.025295477447436654,positive,positive,False,False,structural_split2>true_kstar>coarse_linguistic_families,structural_split2>true_kstar>coarse_linguistic_families,False,False
bkt_mean_full_credit_secondary,secondary,noise_g10_s20,20260829,structural_split2,-0.030601066839040403,-0.00967667258685806,negative,negative,False,False,structural_split2>true_kstar>coarse_linguistic_families,structural_split2>true_kstar>coarse_linguistic_families,False,False
observable_pfa_logistic_primary,primary,noise_g10_s20,20260830,coarse_linguistic_families,0.0051285378801319,0.002547438865309809,positive,positive,False,False,true_kstar>structural_split2>coarse_linguistic_families,true_kstar>structural_split2>coarse_linguistic_families,False,False
observable_pfa_logistic_primary,primary,noise_g10_s20,20260830,structural_split2,0.0021588731488858537,0.0010710950892237614,positive,positive,False,False,true_kstar>structural_split2>coarse_linguistic_families,true_kstar>structural_split2>coarse_linguistic_families,False,False
empirical_history_secondary,secondary,noise_g10_s20,20260830,coarse_linguistic_families,0.00297472673424215,0.0018714409588413972,positive,positive,False,False,true_kstar>coarse_linguistic_families>structural_split2,true_kstar>coarse_linguistic_families>structural_split2,False,False
empirical_history_secondary,secondary,noise_g10_s20,20260830,structural_split2,0.008150180465432255,0.003490907650523123,positive,positive,False,False,true_kstar>coarse_linguistic_families>structural_split2,true_kstar>coarse_linguistic_families>structural_split2,False,False
bkt_mean_full_credit_secondary,secondary,noise_g10_s20,20260830,coarse_linguistic_families,0.0787881276211494,0.02497872544518459,positive,positive,False,False,structural_split2>true_kstar>coarse_linguistic_families,structural_split2>true_kstar>coarse_linguistic_families,False,False
bkt_mean_full_credit_secondary,secondary,noise_g10_s20,20260830,structural_split2,-0.02919819315497285,-0.009335491803734275,negative,negative,False,False,structural_split2>true_kstar>coarse_linguistic_families,structural_split2>true_kstar>coarse_linguistic_families,False,False
observable_pfa_logistic_primary,primary,noise_g10_s20,20260831,coarse_linguistic_families,0.005110198770608809,0.0025388966639547372,positive,positive,False,False,true_kstar>structural_split2>coarse_linguistic_families,true_kstar>structural_split2>coarse_linguistic_families,False,False
observable_pfa_logistic_primary,primary,noise_g10_s20,20260831,structural_split2,0.0021637850774857137,0.0010737656687543062,positive,positive,False,False,true_kstar>structural_split2>coarse_linguistic_families,true_kstar>structural_split2>coarse_linguistic_families,False,False
empirical_history_secondary,secondary,noise_g10_s20,20260831,coarse_linguistic_families,0.0020153424910512863,0.0013875712497725678,positive,positive,False,False,true_kstar>coarse_linguistic_families>structural_split2,true_kstar>coarse_linguistic_families>structural_split2,False,False
empirical_history_secondary,secondary,noise_g10_s20,20260831,structural_split2,0.008116117075707252,0.0034549290907291974,positive,positive,False,False,true_kstar>coarse_linguistic_families>structural_split2,true_kstar>coarse_linguistic_families>structural_split2,False,False
bkt_mean_full_credit_secondary,secondary,noise_g10_s20,20260831,coarse_linguistic_families,0.07687208855857475,0.025015555533704215,positive,positive,False,False,structural_split2>true_kstar>coarse_linguistic_families,structural_split2>true_kstar>coarse_linguistic_families,False,False
bkt_mean_full_credit_secondary,secondary,noise_g10_s20,20260831,structural_split2,-0.02562975518637367,-0.007847029232414371,negative,negative,False,False,structural_split2>true_kstar>coarse_linguistic_families,structural_split2>true_kstar>coarse_linguistic_families,False,False
observable_pfa_logistic_primary,primary,noise_g20_s20,20260829,coarse_linguistic_families,0.0034363697169934593,0.0016920887082712,positive,positive,False,False,true_kstar>structural_split2>coarse_linguistic_families,true_kstar>structural_split2>coarse_linguistic_families,False,False
observable_pfa_logistic_primary,primary,noise_g20_s20,20260829,structural_split2,0.0015411601999026914,0.000763279955793561,positive,positive,False,False,true_kstar>structural_split2>coarse_linguistic_families,true_kstar>structural_split2>coarse_linguistic_families,False,False
empirical_history_secondary,secondary,noise_g20_s20,20260829,coarse_linguistic_families,-0.00018569463180706514,0.00018374762835093872,negative,positive,True,False,coarse_linguistic_families>true_kstar>structural_split2,true_kstar>coarse_linguistic_families>structural_split2,True,False
empirical_history_secondary,secondary,noise_g20_s20,20260829,structural_split2,0.009561479856595057,0.0041715432288260135,positive,positive,False,False,coarse_linguistic_families>true_kstar>structural_split2,true_kstar>coarse_linguistic_families>structural_split2,True,False
bkt_mean_full_credit_secondary,secondary,noise_g20_s20,20260829,coarse_linguistic_families,0.08372771900793008,0.02495199345980409,positive,positive,False,False,structural_split2>true_kstar>coarse_linguistic_families,structural_split2>true_kstar>coarse_linguistic_families,False,False
bkt_mean_full_credit_secondary,secondary,noise_g20_s20,20260829,structural_split2,-0.03876854766541682,-0.01120604080112314,negative,negative,False,False,structural_split2>true_kstar>coarse_linguistic_families,structural_split2>true_kstar>coarse_linguistic_families,False,False
observable_pfa_logistic_primary,primary,noise_g20_s20,20260830,coarse_linguistic_families,0.002906567499786017,0.0014294900584760628,positive,positive,False,False,true_kstar>structural_split2>coarse_linguistic_families,true_kstar>structural_split2>coarse_linguistic_families,False,False
observable_pfa_logistic_primary,primary,noise_g20_s20,20260830,structural_split2,0.0013715906955530377,0.0006781427736567702,positive,positive,False,False,true_kstar>structural_split2>coarse_linguistic_families,true_kstar>structural_split2>coarse_linguistic_families,False,False
empirical_history_secondary,secondary,noise_g20_s20,20260830,coarse_linguistic_families,0.0004282490223277424,0.0004740917755520213,positive,positive,False,False,true_kstar>coarse_linguistic_families>structural_split2,true_kstar>coarse_linguistic_families>structural_split2,False,False
empirical_history_secondary,secondary,noise_g20_s20,20260830,structural_split2,0.009646545177875332,0.004271886316667084,positive,positive,False,False,true_kstar>coarse_linguistic_families>structural_split2,true_kstar>coarse_linguistic_families>structural_split2,False,False
bkt_mean_full_credit_secondary,secondary,noise_g20_s20,20260830,coarse_linguistic_families,0.07803890172659289,0.023106343456073763,positive,positive,False,False,structural_split2>true_kstar>coarse_linguistic_families,structural_split2>true_kstar>coarse_linguistic_families,False,False
bkt_mean_full_credit_secondary,secondary,noise_g20_s20,20260830,structural_split2,-0.035697095404902734,-0.010478680655927053,negative,negative,False,False,structural_split2>true_kstar>coarse_linguistic_families,structural_split2>true_kstar>coarse_linguistic_families,False,False
observable_pfa_logistic_primary,primary,noise_g20_s20,20260831,coarse_linguistic_families,0.0029039314256102955,0.0014292347862025767,positive,positive,False,False,true_kstar>structural_split2>coarse_linguistic_families,true_kstar>structural_split2>coarse_linguistic_families,False,False
observable_pfa_logistic_primary,primary,noise_g20_s20,20260831,structural_split2,0.0016043520047054338,0.000795575793669151,positive,positive,False,False,true_kstar>structural_split2>coarse_linguistic_families,true_kstar>structural_split2>coarse_linguistic_families,False,False
empirical_history_secondary,secondary,noise_g20_s20,20260831,coarse_linguistic_families,-0.0011163502747580933,-0.0002759959895188291,negative,negative,True,True,coarse_linguistic_families>true_kstar>structural_split2,coarse_linguistic_families>true_kstar>structural_split2,True,True
empirical_history_secondary,secondary,noise_g20_s20,20260831,structural_split2,0.009463483221516578,0.004174748860941102,positive,positive,False,False,coarse_linguistic_families>true_kstar>structural_split2,coarse_linguistic_families>true_kstar>structural_split2,True,True
bkt_mean_full_credit_secondary,secondary,noise_g20_s20,20260831,coarse_linguistic_families,0.07985326685715877,0.024010446458721746,positive,positive,False,False,structural_split2>true_kstar>coarse_linguistic_families,structural_split2>true_kstar>coarse_linguistic_families,False,False
bkt_mean_full_credit_secondary,secondary,noise_g20_s20,20260831,structural_split2,-0.036343047333734946,-0.010197544822212024,negative,negative,False,False,structural_split2>true_kstar>coarse_linguistic_families,structural_split2>true_kstar>coarse_linguistic_families,False,False
observable_pfa_logistic_primary,primary,aggregation_product,20260829,coarse_linguistic_families,0.008761810792576319,0.004290302210625763,positive,positive,False,False,true_kstar>structural_split2>coarse_linguistic_families,true_kstar>structural_split2>coarse_linguistic_families,False,False
observable_pfa_logistic_primary,primary,aggregation_product,20260829,structural_split2,0.004677843357100975,0.002209009151146968,positive,positive,False,False,true_kstar>structural_split2>coarse_linguistic_families,true_kstar>structural_split2>coarse_linguistic_families,False,False
empirical_history_secondary,secondary,aggregation_product,20260829,coarse_linguistic_families,0.00863147781187501,0.004791379634594417,positive,positive,False,False,true_kstar>structural_split2>coarse_linguistic_families,true_kstar>structural_split2>coarse_linguistic_families,True,True
empirical_history_secondary,secondary,aggregation_product,20260829,structural_split2,0.004000586922859206,0.0013322246983596409,positive,positive,False,False,true_kstar>structural_split2>coarse_linguistic_families,true_kstar>structural_split2>coarse_linguistic_families,True,True
bkt_mean_full_credit_secondary,secondary,aggregation_product,20260829,coarse_linguistic_families,0.07269611155301292,0.02574856993661645,positive,positive,False,False,structural_split2>true_kstar>coarse_linguistic_families,structural_split2>true_kstar>coarse_linguistic_families,False,False
bkt_mean_full_credit_secondary,secondary,aggregation_product,20260829,structural_split2,-0.01850841327452546,-0.006482796883008679,negative,negative,False,False,structural_split2>true_kstar>coarse_linguistic_families,structural_split2>true_kstar>coarse_linguistic_families,False,False
observable_pfa_logistic_primary,primary,aggregation_product,20260830,coarse_linguistic_families,0.007819893640126363,0.003853128841253467,positive,positive,False,False,true_kstar>structural_split2>coarse_linguistic_families,true_kstar>structural_split2>coarse_linguistic_families,False,False
observable_pfa_logistic_primary,primary,aggregation_product,20260830,structural_split2,0.00375538984349999,0.0018204103404874106,positive,positive,False,False,true_kstar>structural_split2>coarse_linguistic_families,true_kstar>structural_split2>coarse_linguistic_families,False,False
empirical_history_secondary,secondary,aggregation_product,20260830,coarse_linguistic_families,0.007670442571292346,0.0043674528979326666,positive,positive,False,False,true_kstar>structural_split2>coarse_linguistic_families,true_kstar>structural_split2>coarse_linguistic_families,True,True
empirical_history_secondary,secondary,aggregation_product,20260830,structural_split2,0.003613118659952952,0.0011850305764409819,positive,positive,False,False,true_kstar>structural_split2>coarse_linguistic_families,true_kstar>structural_split2>coarse_linguistic_families,True,True
bkt_mean_full_credit_secondary,secondary,aggregation_product,20260830,coarse_linguistic_families,0.07533215669935511,0.025817093457434992,positive,positive,False,False,structural_split2>true_kstar>coarse_linguistic_families,structural_split2>true_kstar>coarse_linguistic_families,False,False
bkt_mean_full_credit_secondary,secondary,aggregation_product,20260830,structural_split2,-0.018733900857281882,-0.006782336255119814,negative,negative,False,False,structural_split2>true_kstar>coarse_linguistic_families,structural_split2>true_kstar>coarse_linguistic_families,False,False
observable_pfa_logistic_primary,primary,aggregation_product,20260831,coarse_linguistic_families,0.008130382131282587,0.003997274697958297,positive,positive,False,False,true_kstar>structural_split2>coarse_linguistic_families,true_kstar>structural_split2>coarse_linguistic_families,False,False
observable_pfa_logistic_primary,primary,aggregation_product,20260831,structural_split2,0.0041315264432585375,0.001980519128648661,positive,positive,False,False,true_kstar>structural_split2>coarse_linguistic_families,true_kstar>structural_split2>coarse_linguistic_families,False,False
empirical_history_secondary,secondary,aggregation_product,20260831,coarse_linguistic_families,0.007885975675601231,0.0044941845429978255,positive,positive,False,False,true_kstar>structural_split2>coarse_linguistic_families,true_kstar>structural_split2>coarse_linguistic_families,True,True
empirical_history_secondary,secondary,aggregation_product,20260831,structural_split2,0.0029505759843507784,0.0009067075088168286,positive,positive,False,False,true_kstar>structural_split2>coarse_linguistic_families,true_kstar>structural_split2>coarse_linguistic_families,True,True
bkt_mean_full_credit_secondary,secondary,aggregation_product,20260831,coarse_linguistic_families,0.07076631412383416,0.02528091572714336,positive,positive,False,False,structural_split2>true_kstar>coarse_linguistic_families,structural_split2>true_kstar>coarse_linguistic_families,False,False
bkt_mean_full_credit_secondary,secondary,aggregation_product,20260831,structural_split2,-0.0165688242768135,-0.006104447917411104,negative,negative,False,False,structural_split2>true_kstar>coarse_linguistic_families,structural_split2>true_kstar>coarse_linguistic_families,False,False
observable_pfa_logistic_primary,primary,aggregation_arithmetic_mean,20260829,coarse_linguistic_families,0.004789646091923561,0.002196551381845352,positive,positive,False,False,true_kstar>structural_split2>coarse_linguistic_families,true_kstar>structural_split2>coarse_linguistic_families,False,False
observable_pfa_logistic_primary,primary,aggregation_arithmetic_mean,20260829,structural_split2,0.0022183090351027834,0.001023369535619656,positive,positive,False,False,true_kstar>structural_split2>coarse_linguistic_families,true_kstar>structural_split2>coarse_linguistic_families,False,False
empirical_history_secondary,secondary,aggregation_arithmetic_mean,20260829,coarse_linguistic_families,-0.0007661215096709251,-0.000343721604704722,negative,negative,True,True,coarse_linguistic_families>true_kstar>structural_split2,coarse_linguistic_families>true_kstar>structural_split2,True,True
empirical_history_secondary,secondary,aggregation_arithmetic_mean,20260829,structural_split2,0.012662694233139704,0.005855316215491874,positive,positive,False,False,coarse_linguistic_families>true_kstar>structural_split2,coarse_linguistic_families>true_kstar>structural_split2,True,True
bkt_mean_full_credit_secondary,secondary,aggregation_arithmetic_mean,20260829,coarse_linguistic_families,0.06379832794401952,0.017183153584279798,positive,positive,False,False,structural_split2>true_kstar>coarse_linguistic_families,structural_split2>true_kstar>coarse_linguistic_families,False,False
bkt_mean_full_credit_secondary,secondary,aggregation_arithmetic_mean,20260829,structural_split2,-0.03224180376471375,-0.007747940705162243,negative,negative,False,False,structural_split2>true_kstar>coarse_linguistic_families,structural_split2>true_kstar>coarse_linguistic_families,False,False
observable_pfa_logistic_primary,primary,aggregation_arithmetic_mean,20260830,coarse_linguistic_families,0.004353102000976938,0.001997146109133263,positive,positive,False,False,true_kstar>structural_split2>coarse_linguistic_families,true_kstar>structural_split2>coarse_linguistic_families,False,False
observable_pfa_logistic_primary,primary,aggregation_arithmetic_mean,20260830,structural_split2,0.001485748966758238,0.0006925887196041758,positive,positive,False,False,true_kstar>structural_split2>coarse_linguistic_families,true_kstar>structural_split2>coarse_linguistic_families,False,False
empirical_history_secondary,secondary,aggregation_arithmetic_mean,20260830,coarse_linguistic_families,-0.001263322660951971,-0.0005859549948263876,negative,negative,True,True,coarse_linguistic_families>true_kstar>structural_split2,coarse_linguistic_families>true_kstar>structural_split2,True,True
empirical_history_secondary,secondary,aggregation_arithmetic_mean,20260830,structural_split2,0.011521476229842786,0.0053484429246589416,positive,positive,False,False,coarse_linguistic_families>true_kstar>structural_split2,coarse_linguistic_families>true_kstar>structural_split2,True,True
bkt_mean_full_credit_secondary,secondary,aggregation_arithmetic_mean,20260830,coarse_linguistic_families,0.05721681551314084,0.015037876654977633,positive,positive,False,False,structural_split2>true_kstar>coarse_linguistic_families,structural_split2>true_kstar>coarse_linguistic_families,False,False
bkt_mean_full_credit_secondary,secondary,aggregation_arithmetic_mean,20260830,structural_split2,-0.03575770658012123,-0.008954942322547815,negative,negative,False,False,structural_split2>true_kstar>coarse_linguistic_families,structural_split2>true_kstar>coarse_linguistic_families,False,False
observable_pfa_logistic_primary,primary,aggregation_arithmetic_mean,20260831,coarse_linguistic_families,0.004356232682258598,0.001995076284529551,positive,positive,False,False,true_kstar>structural_split2>coarse_linguistic_families,true_kstar>structural_split2>coarse_linguistic_families,False,False
observable_pfa_logistic_primary,primary,aggregation_arithmetic_mean,20260831,structural_split2,0.0015107487291277089,0.000707504414474841,positive,positive,False,False,true_kstar>structural_split2>coarse_linguistic_families,true_kstar>structural_split2>coarse_linguistic_families,False,False
empirical_history_secondary,secondary,aggregation_arithmetic_mean,20260831,coarse_linguistic_families,-0.0008776722073169374,-0.00041722055245885237,negative,negative,True,True,coarse_linguistic_families>true_kstar>structural_split2,coarse_linguistic_families>true_kstar>structural_split2,True,True
empirical_history_secondary,secondary,aggregation_arithmetic_mean,20260831,structural_split2,0.011873889371013302,0.005437687481390369,positive,positive,False,False,coarse_linguistic_families>true_kstar>structural_split2,coarse_linguistic_families>true_kstar>structural_split2,True,True
bkt_mean_full_credit_secondary,secondary,aggregation_arithmetic_mean,20260831,coarse_linguistic_families,0.059286190979126574,0.015886728910528558,positive,positive,False,False,structural_split2>true_kstar>coarse_linguistic_families,structural_split2>true_kstar>coarse_linguistic_families,False,False
bkt_mean_full_credit_secondary,secondary,aggregation_arithmetic_mean,20260831,structural_split2,-0.03514049086889537,-0.008509548318784727,negative,negative,False,False,structural_split2>true_kstar>coarse_linguistic_families,structural_split2>true_kstar>coarse_linguistic_families,False,False
observable_pfa_logistic_primary,primary,learner_guess_slip_heterogeneity_beta2_2_00_20,20260829,coarse_linguistic_families,0.00879445634382503,0.004245444319888242,positive,positive,False,False,true_kstar>structural_split2>coarse_linguistic_families,true_kstar>structural_split2>coarse_linguistic_families,False,False
observable_pfa_logistic_primary,primary,learner_guess_slip_heterogeneity_beta2_2_00_20,20260829,structural_split2,0.0037224775466037086,0.0018058108395808958,positive,positive,False,False,true_kstar>structural_split2>coarse_linguistic_families,true_kstar>structural_split2>coarse_linguistic_families,False,False
empirical_history_secondary,secondary,learner_guess_slip_heterogeneity_beta2_2_00_20,20260829,coarse_linguistic_families,0.005847951084801517,0.003097420294872588,positive,positive,False,False,true_kstar>coarse_linguistic_families>structural_split2,true_kstar>coarse_linguistic_families>structural_split2,False,False
empirical_history_secondary,secondary,learner_guess_slip_heterogeneity_beta2_2_00_20,20260829,structural_split2,0.009818692434051535,0.0042780457856495535,positive,positive,False,False,true_kstar>coarse_linguistic_families>structural_split2,true_kstar>coarse_linguistic_families>structural_split2,False,False
bkt_mean_full_credit_secondary,secondary,learner_guess_slip_heterogeneity_beta2_2_00_20,20260829,coarse_linguistic_families,0.0880920565111053,0.026689296376101068,positive,positive,False,False,structural_split2>true_kstar>coarse_linguistic_families,structural_split2>true_kstar>coarse_linguistic_families,False,False
bkt_mean_full_credit_secondary,secondary,learner_guess_slip_heterogeneity_beta2_2_00_20,20260829,structural_split2,-0.032248370932937864,-0.009098299835286372,negative,negative,False,False,structural_split2>true_kstar>coarse_linguistic_families,structural_split2>true_kstar>coarse_linguistic_families,False,False
observable_pfa_logistic_primary,primary,learner_guess_slip_heterogeneity_beta2_2_00_20,20260830,coarse_linguistic_families,0.007748452647134085,0.003749892837011687,positive,positive,False,False,true_kstar>structural_split2>coarse_linguistic_families,true_kstar>structural_split2>coarse_linguistic_families,False,False
observable_pfa_logistic_primary,primary,learner_guess_slip_heterogeneity_beta2_2_00_20,20260830,structural_split2,0.0030772857571272905,0.0014996660765740355,positive,positive,False,False,true_kstar>structural_split2>coarse_linguistic_families,true_kstar>structural_split2>coarse_linguistic_families,False,False
empirical_history_secondary,secondary,learner_guess_slip_heterogeneity_beta2_2_00_20,20260830,coarse_linguistic_families,0.005626592048032286,0.0030078332263039076,positive,positive,False,False,true_kstar>coarse_linguistic_families>structural_split2,true_kstar>coarse_linguistic_families>structural_split2,False,False
empirical_history_secondary,secondary,learner_guess_slip_heterogeneity_beta2_2_00_20,20260830,structural_split2,0.009053921878810711,0.004029717757023515,positive,positive,False,False,true_kstar>coarse_linguistic_families>structural_split2,true_kstar>coarse_linguistic_families>structural_split2,False,False
bkt_mean_full_credit_secondary,secondary,learner_guess_slip_heterogeneity_beta2_2_00_20,20260830,coarse_linguistic_families,0.08580380174248481,0.026002798329670895,positive,positive,False,False,structural_split2>true_kstar>coarse_linguistic_families,structural_split2>true_kstar>coarse_linguistic_families,False,False
bkt_mean_full_credit_secondary,secondary,learner_guess_slip_heterogeneity_beta2_2_00_20,20260830,structural_split2,-0.030732596301743298,-0.008947032510511044,negative,negative,False,False,structural_split2>true_kstar>coarse_linguistic_families,structural_split2>true_kstar>coarse_linguistic_families,False,False
observable_pfa_logistic_primary,primary,learner_guess_slip_heterogeneity_beta2_2_00_20,20260831,coarse_linguistic_families,0.008014606612161246,0.003882115040995615,positive,positive,False,False,true_kstar>structural_split2>coarse_linguistic_families,true_kstar>structural_split2>coarse_linguistic_families,False,False
observable_pfa_logistic_primary,primary,learner_guess_slip_heterogeneity_beta2_2_00_20,20260831,structural_split2,0.0030836977833794688,0.00150794550304717,positive,positive,False,False,true_kstar>structural_split2>coarse_linguistic_families,true_kstar>structural_split2>coarse_linguistic_families,False,False
empirical_history_secondary,secondary,learner_guess_slip_heterogeneity_beta2_2_00_20,20260831,coarse_linguistic_families,0.0047883221503316475,0.0026034650224103506,positive,positive,False,False,true_kstar>coarse_linguistic_families>structural_split2,true_kstar>coarse_linguistic_families>structural_split2,False,False
empirical_history_secondary,secondary,learner_guess_slip_heterogeneity_beta2_2_00_20,20260831,structural_split2,0.009103865619627172,0.0040307338405936866,positive,positive,False,False,true_kstar>coarse_linguistic_families>structural_split2,true_kstar>coarse_linguistic_families>structural_split2,False,False
bkt_mean_full_credit_secondary,secondary,learner_guess_slip_heterogeneity_beta2_2_00_20,20260831,coarse_linguistic_families,0.08672328363228432,0.026284778385249008,positive,positive,False,False,structural_split2>true_kstar>coarse_linguistic_families,structural_split2>true_kstar>coarse_linguistic_families,False,False
bkt_mean_full_credit_secondary,secondary,learner_guess_slip_heterogeneity_beta2_2_00_20,20260831,structural_split2,-0.030971820744885137,-0.008539502572008029,negative,negative,False,False,structural_split2>true_kstar>coarse_linguistic_families,structural_split2>true_kstar>coarse_linguistic_families,False,False
observable_pfa_logistic_primary,primary,forgetting_gap_002,20260829,coarse_linguistic_families,0.003828719713820261,0.001898790528634342,positive,positive,False,False,true_kstar>structural_split2>coarse_linguistic_families,true_kstar>structural_split2>coarse_linguistic_families,False,False
observable_pfa_logistic_primary,primary,forgetting_gap_002,20260829,structural_split2,0.001978960936829366,0.0009793403007479218,positive,positive,False,False,true_kstar>structural_split2>coarse_linguistic_families,true_kstar>structural_split2>coarse_linguistic_families,False,False
empirical_history_secondary,secondary,forgetting_gap_002,20260829,coarse_linguistic_families,0.0011329196983295153,0.0008578406126947269,positive,positive,False,False,true_kstar>coarse_linguistic_families>structural_split2,true_kstar>coarse_linguistic_families>structural_split2,False,False
empirical_history_secondary,secondary,forgetting_gap_002,20260829,structural_split2,0.009600743540637557,0.0042055129646977885,positive,positive,False,False,true_kstar>coarse_linguistic_families>structural_split2,true_kstar>coarse_linguistic_families>structural_split2,False,False
bkt_mean_full_credit_secondary,secondary,forgetting_gap_002,20260829,coarse_linguistic_families,0.06356139919714443,0.021085225917199246,positive,positive,False,False,structural_split2>true_kstar>coarse_linguistic_families,structural_split2>true_kstar>coarse_linguistic_families,False,False
bkt_mean_full_credit_secondary,secondary,forgetting_gap_002,20260829,structural_split2,-0.03128876643412559,-0.010520543485611822,negative,negative,False,False,structural_split2>true_kstar>coarse_linguistic_families,structural_split2>true_kstar>coarse_linguistic_families,False,False
observable_pfa_logistic_primary,primary,forgetting_gap_002,20260830,coarse_linguistic_families,0.003061243316119344,0.0015232232878793772,positive,positive,False,False,true_kstar>structural_split2>coarse_linguistic_families,true_kstar>structural_split2>coarse_linguistic_families,False,False
observable_pfa_logistic_primary,primary,forgetting_gap_002,20260830,structural_split2,0.001567357980385875,0.0007786364355483189,positive,positive,False,False,true_kstar>structural_split2>coarse_linguistic_families,true_kstar>structural_split2>coarse_linguistic_families,False,False
empirical_history_secondary,secondary,forgetting_gap_002,20260830,coarse_linguistic_families,0.0002852601572410629,0.0005221521999281831,positive,positive,False,False,true_kstar>coarse_linguistic_families>structural_split2,true_kstar>coarse_linguistic_families>structural_split2,False,False
empirical_history_secondary,secondary,forgetting_gap_002,20260830,structural_split2,0.009143754957413264,0.004004980722987661,positive,positive,False,False,true_kstar>coarse_linguistic_families>structural_split2,true_kstar>coarse_linguistic_families>structural_split2,False,False
bkt_mean_full_credit_secondary,secondary,forgetting_gap_002,20260830,coarse_linguistic_families,0.06425696819590099,0.02053483888373797,positive,positive,False,False,structural_split2>true_kstar>coarse_linguistic_families,structural_split2>true_kstar>coarse_linguistic_families,False,False
bkt_mean_full_credit_secondary,secondary,forgetting_gap_002,20260830,structural_split2,-0.02979838045738037,-0.010221526207712106,negative,negative,False,False,structural_split2>true_kstar>coarse_linguistic_families,structural_split2>true_kstar>coarse_linguistic_families,False,False
observable_pfa_logistic_primary,primary,forgetting_gap_002,20260831,coarse_linguistic_families,0.0035098101022743577,0.0017441383042952896,positive,positive,False,False,true_kstar>structural_split2>coarse_linguistic_families,true_kstar>structural_split2>coarse_linguistic_families,False,False
observable_pfa_logistic_primary,primary,forgetting_gap_002,20260831,structural_split2,0.0017115516600392233,0.0008473419758138756,positive,positive,False,False,true_kstar>structural_split2>coarse_linguistic_families,true_kstar>structural_split2>coarse_linguistic_families,False,False
empirical_history_secondary,secondary,forgetting_gap_002,20260831,coarse_linguistic_families,2.6014067509017025e-06,0.0003307086910235846,positive,positive,False,False,true_kstar>coarse_linguistic_families>structural_split2,true_kstar>coarse_linguistic_families>structural_split2,False,False
empirical_history_secondary,secondary,forgetting_gap_002,20260831,structural_split2,0.008611929979469468,0.003746670987133438,positive,positive,False,False,true_kstar>coarse_linguistic_families>structural_split2,true_kstar>coarse_linguistic_families>structural_split2,False,False
bkt_mean_full_credit_secondary,secondary,forgetting_gap_002,20260831,coarse_linguistic_families,0.06002433822185316,0.020248077089499494,positive,positive,False,False,structural_split2>true_kstar>coarse_linguistic_families,structural_split2>true_kstar>coarse_linguistic_families,False,False
bkt_mean_full_credit_secondary,secondary,forgetting_gap_002,20260831,structural_split2,-0.028649179476015862,-0.009590931838664607,negative,negative,False,False,structural_split2>true_kstar>coarse_linguistic_families,structural_split2>true_kstar>coarse_linguistic_families,False,False
observable_pfa_logistic_primary,primary,item_difficulty_logit_sd_060,20260829,coarse_linguistic_families,0.00750490602040732,0.00369120727656011,positive,positive,False,False,true_kstar>structural_split2>coarse_linguistic_families,true_kstar>structural_split2>coarse_linguistic_families,False,False
observable_pfa_logistic_primary,primary,item_difficulty_logit_sd_060,20260829,structural_split2,0.002871713914792795,0.0014239190842296467,positive,positive,False,False,true_kstar>structural_split2>coarse_linguistic_families,true_kstar>structural_split2>coarse_linguistic_families,False,False
empirical_history_secondary,secondary,item_difficulty_logit_sd_060,20260829,coarse_linguistic_families,0.00601471413862853,0.0032641569315339236,positive,positive,False,False,true_kstar>coarse_linguistic_families>structural_split2,true_kstar>structural_split2>coarse_linguistic_families,False,True
empirical_history_secondary,secondary,item_difficulty_logit_sd_060,20260829,structural_split2,0.007316527949131402,0.0030706667593647374,positive,positive,False,False,true_kstar>coarse_linguistic_families>structural_split2,true_kstar>structural_split2>coarse_linguistic_families,False,True
bkt_mean_full_credit_secondary,secondary,item_difficulty_logit_sd_060,20260829,coarse_linguistic_families,0.08140978643450025,0.025808288272658464,positive,positive,False,False,structural_split2>true_kstar>coarse_linguistic_families,structural_split2>true_kstar>coarse_linguistic_families,False,False
bkt_mean_full_credit_secondary,secondary,item_difficulty_logit_sd_060,20260829,structural_split2,-0.03188392258191397,-0.009590029575983205,negative,negative,False,False,structural_split2>true_kstar>coarse_linguistic_families,structural_split2>true_kstar>coarse_linguistic_families,False,False
observable_pfa_logistic_primary,primary,item_difficulty_logit_sd_060,20260830,coarse_linguistic_families,0.006954062788168791,0.0034199168328165608,positive,positive,False,False,structural_split2>true_kstar>coarse_linguistic_families,structural_split2>true_kstar>coarse_linguistic_families,True,True
observable_pfa_logistic_primary,primary,item_difficulty_logit_sd_060,20260830,structural_split2,-0.00041266434134057395,-0.0004352634197091476,negative,negative,True,True,structural_split2>true_kstar>coarse_linguistic_families,structural_split2>true_kstar>coarse_linguistic_families,True,True
empirical_history_secondary,secondary,item_difficulty_logit_sd_060,20260830,coarse_linguistic_families,0.00513030609874876,0.0028672791058308444,positive,positive,False,False,true_kstar>coarse_linguistic_families>structural_split2,true_kstar>coarse_linguistic_families>structural_split2,False,False
empirical_history_secondary,secondary,item_difficulty_logit_sd_060,20260830,structural_split2,0.006847110114488908,0.0028989217405941403,positive,positive,False,False,true_kstar>coarse_linguistic_families>structural_split2,true_kstar>coarse_linguistic_families>structural_split2,False,False
bkt_mean_full_credit_secondary,secondary,item_difficulty_logit_sd_060,20260830,coarse_linguistic_families,0.06935823362267035,0.021950264079534876,positive,positive,False,False,structural_split2>true_kstar>coarse_linguistic_families,structural_split2>true_kstar>coarse_linguistic_families,False,False
bkt_mean_full_credit_secondary,secondary,item_difficulty_logit_sd_060,20260830,structural_split2,-0.022138397611753735,-0.006212153661337705,negative,negative,False,False,structural_split2>true_kstar>coarse_linguistic_families,structural_split2>true_kstar>coarse_linguistic_families,False,False
observable_pfa_logistic_primary,primary,item_difficulty_logit_sd_060,20260831,coarse_linguistic_families,0.00457916051935614,0.0022113475825820683,positive,positive,False,False,true_kstar>coarse_linguistic_families>structural_split2,true_kstar>coarse_linguistic_families>structural_split2,True,True
observable_pfa_logistic_primary,primary,item_difficulty_logit_sd_060,20260831,structural_split2,0.009955235826724307,0.0041208651272168495,positive,positive,False,False,true_kstar>coarse_linguistic_families>structural_split2,true_kstar>coarse_linguistic_families>structural_split2,True,True
empirical_history_secondary,secondary,item_difficulty_logit_sd_060,20260831,coarse_linguistic_families,0.004255288894478126,0.002358560005728927,positive,positive,False,False,true_kstar>coarse_linguistic_families>structural_split2,true_kstar>coarse_linguistic_families>structural_split2,False,False
empirical_history_secondary,secondary,item_difficulty_logit_sd_060,20260831,structural_split2,0.006341753024970087,0.002689595014867152,positive,positive,False,False,true_kstar>coarse_linguistic_families>structural_split2,true_kstar>coarse_linguistic_families>structural_split2,False,False
bkt_mean_full_credit_secondary,secondary,item_difficulty_logit_sd_060,20260831,coarse_linguistic_families,0.08360976883237081,0.025533755582335838,positive,positive,False,False,structural_split2>true_kstar>coarse_linguistic_families,structural_split2>true_kstar>coarse_linguistic_families,False,False
bkt_mean_full_credit_secondary,secondary,item_difficulty_logit_sd_060,20260831,structural_split2,-0.03683807157172403,-0.010972813402445658,negative,negative,False,False,structural_split2>true_kstar>coarse_linguistic_families,structural_split2>true_kstar>coarse_linguistic_families,False,False
observable_pfa_logistic_primary,primary,learner_learning_rate_heterogeneity_beta2_2_005_035,20260829,coarse_linguistic_families,0.008279455695663351,0.004016883717608721,positive,positive,False,False,true_kstar>structural_split2>coarse_linguistic_families,true_kstar>structural_split2>coarse_linguistic_families,False,False
observable_pfa_logistic_primary,primary,learner_learning_rate_heterogeneity_beta2_2_005_035,20260829,structural_split2,0.0035884949379920705,0.0017497572698350061,positive,positive,False,False,true_kstar>structural_split2>coarse_linguistic_families,true_kstar>structural_split2>coarse_linguistic_families,False,False
empirical_history_secondary,secondary,learner_learning_rate_heterogeneity_beta2_2_005_035,20260829,coarse_linguistic_families,0.0050777723517902995,0.002740836496225807,positive,positive,False,False,true_kstar>coarse_linguistic_families>structural_split2,true_kstar>coarse_linguistic_families>structural_split2,False,False
empirical_history_secondary,secondary,learner_learning_rate_heterogeneity_beta2_2_005_035,20260829,structural_split2,0.009676870183018327,0.004198581196940276,positive,positive,False,False,true_kstar>coarse_linguistic_families>structural_split2,true_kstar>coarse_linguistic_families>structural_split2,False,False
bkt_mean_full_credit_secondary,secondary,learner_learning_rate_heterogeneity_beta2_2_005_035,20260829,coarse_linguistic_families,0.0875316495299786,0.026559036940186187,positive,positive,False,False,structural_split2>true_kstar>coarse_linguistic_families,structural_split2>true_kstar>coarse_linguistic_families,False,False
bkt_mean_full_credit_secondary,secondary,learner_learning_rate_heterogeneity_beta2_2_005_035,20260829,structural_split2,-0.03063224709016743,-0.008515646717617065,negative,negative,False,False,structural_split2>true_kstar>coarse_linguistic_families,structural_split2>true_kstar>coarse_linguistic_families,False,False
observable_pfa_logistic_primary,primary,learner_learning_rate_heterogeneity_beta2_2_005_035,20260830,coarse_linguistic_families,0.00806737364667598,0.0039072688831942315,positive,positive,False,False,true_kstar>structural_split2>coarse_linguistic_families,true_kstar>structural_split2>coarse_linguistic_families,False,False
observable_pfa_logistic_primary,primary,learner_learning_rate_heterogeneity_beta2_2_005_035,20260830,structural_split2,0.0034368860233106036,0.0016783854787275065,positive,positive,False,False,true_kstar>structural_split2>coarse_linguistic_families,true_kstar>structural_split2>coarse_linguistic_families,False,False
empirical_history_secondary,secondary,learner_learning_rate_heterogeneity_beta2_2_005_035,20260830,coarse_linguistic_families,0.005484367003983248,0.0029489843915086467,positive,positive,False,False,true_kstar>coarse_linguistic_families>structural_split2,true_kstar>coarse_linguistic_families>structural_split2,False,False
empirical_history_secondary,secondary,learner_learning_rate_heterogeneity_beta2_2_005_035,20260830,structural_split2,0.010081811029392651,0.004492242337298391,positive,positive,False,False,true_kstar>coarse_linguistic_families>structural_split2,true_kstar>coarse_linguistic_families>structural_split2,False,False
bkt_mean_full_credit_secondary,secondary,learner_learning_rate_heterogeneity_beta2_2_005_035,20260830,coarse_linguistic_families,0.08596320411836378,0.026124871358475688,positive,positive,False,False,structural_split2>true_kstar>coarse_linguistic_families,structural_split2>true_kstar>coarse_linguistic_families,False,False
bkt_mean_full_credit_secondary,secondary,learner_learning_rate_heterogeneity_beta2_2_005_035,20260830,structural_split2,-0.028222209269231358,-0.008012941580378796,negative,negative,False,False,structural_split2>true_kstar>coarse_linguistic_families,structural_split2>true_kstar>coarse_linguistic_families,False,False
observable_pfa_logistic_primary,primary,learner_learning_rate_heterogeneity_beta2_2_005_035,20260831,coarse_linguistic_families,0.007471367174183952,0.0036291881070335263,positive,positive,False,False,true_kstar>structural_split2>coarse_linguistic_families,true_kstar>structural_split2>coarse_linguistic_families,False,False
observable_pfa_logistic_primary,primary,learner_learning_rate_heterogeneity_beta2_2_005_035,20260831,structural_split2,0.0029076119520740074,0.0014297881995502526,positive,positive,False,False,true_kstar>structural_split2>coarse_linguistic_families,true_kstar>structural_split2>coarse_linguistic_families,False,False
empirical_history_secondary,secondary,learner_learning_rate_heterogeneity_beta2_2_005_035,20260831,coarse_linguistic_families,0.004088787656022386,0.002260797613086757,positive,positive,False,False,true_kstar>coarse_linguistic_families>structural_split2,true_kstar>coarse_linguistic_families>structural_split2,False,False
empirical_history_secondary,secondary,learner_learning_rate_heterogeneity_beta2_2_005_035,20260831,structural_split2,0.008867335378724417,0.0038814703077928725,positive,positive,False,False,true_kstar>coarse_linguistic_families>structural_split2,true_kstar>coarse_linguistic_families>structural_split2,False,False
bkt_mean_full_credit_secondary,secondary,learner_learning_rate_heterogeneity_beta2_2_005_035,20260831,coarse_linguistic_families,0.08210748444498062,0.02526863929432993,positive,positive,False,False,structural_split2>true_kstar>coarse_linguistic_families,structural_split2>true_kstar>coarse_linguistic_families,False,False
bkt_mean_full_credit_secondary,secondary,learner_learning_rate_heterogeneity_beta2_2_005_035,20260831,structural_split2,-0.030689885517683924,-0.008774907484740913,negative,negative,False,False,structural_split2>true_kstar>coarse_linguistic_families,structural_split2>true_kstar>coarse_linguistic_families,False,False
observable_pfa_logistic_primary,primary,correlated_initial_mastery_global_mixture_050,20260829,coarse_linguistic_families,0.006275218949087558,0.002988317447177674,positive,positive,False,False,true_kstar>structural_split2>coarse_linguistic_families,true_kstar>structural_split2>coarse_linguistic_families,False,False
observable_pfa_logistic_primary,primary,correlated_initial_mastery_global_mixture_050,20260829,structural_split2,0.0023694322750626995,0.001137650497919418,positive,positive,False,False,true_kstar>structural_split2>coarse_linguistic_families,true_kstar>structural_split2>coarse_linguistic_families,False,False
empirical_history_secondary,secondary,correlated_initial_mastery_global_mixture_050,20260829,coarse_linguistic_families,0.0027060527924849254,0.001541263783314012,positive,positive,False,False,true_kstar>coarse_linguistic_families>structural_split2,true_kstar>coarse_linguistic_families>structural_split2,False,False
empirical_history_secondary,secondary,correlated_initial_mastery_global_mixture_050,20260829,structural_split2,0.009942542845068347,0.004402613314266557,positive,positive,False,False,true_kstar>coarse_linguistic_families>structural_split2,true_kstar>coarse_linguistic_families>structural_split2,False,False
bkt_mean_full_credit_secondary,secondary,correlated_initial_mastery_global_mixture_050,20260829,coarse_linguistic_families,0.07035362656095312,0.02077838226523787,positive,positive,False,False,structural_split2>true_kstar>coarse_linguistic_families,structural_split2>true_kstar>coarse_linguistic_families,False,False
bkt_mean_full_credit_secondary,secondary,correlated_initial_mastery_global_mixture_050,20260829,structural_split2,-0.03056328737560421,-0.00839499992584608,negative,negative,False,False,structural_split2>true_kstar>coarse_linguistic_families,structural_split2>true_kstar>coarse_linguistic_families,False,False
observable_pfa_logistic_primary,primary,correlated_initial_mastery_global_mixture_050,20260830,coarse_linguistic_families,0.0058757741490013116,0.002783521060970684,positive,positive,False,False,true_kstar>structural_split2>coarse_linguistic_families,true_kstar>structural_split2>coarse_linguistic_families,False,False
observable_pfa_logistic_primary,primary,correlated_initial_mastery_global_mixture_050,20260830,structural_split2,0.0027368500699089804,0.0013156859255168685,positive,positive,False,False,true_kstar>structural_split2>coarse_linguistic_families,true_kstar>structural_split2>coarse_linguistic_families,False,False
empirical_history_secondary,secondary,correlated_initial_mastery_global_mixture_050,20260830,coarse_linguistic_families,0.003533638251757232,0.0019178757841287197,positive,positive,False,False,true_kstar>coarse_linguistic_families>structural_split2,true_kstar>coarse_linguistic_families>structural_split2,False,False
empirical_history_secondary,secondary,correlated_initial_mastery_global_mixture_050,20260830,structural_split2,0.010542523003147841,0.004666601548435512,positive,positive,False,False,true_kstar>coarse_linguistic_families>structural_split2,true_kstar>coarse_linguistic_families>structural_split2,False,False
bkt_mean_full_credit_secondary,secondary,correlated_initial_mastery_global_mixture_050,20260830,coarse_linguistic_families,0.06787434171616757,0.019945064659968148,positive,positive,False,False,structural_split2>true_kstar>coarse_linguistic_families,structural_split2>true_kstar>coarse_linguistic_families,False,False
bkt_mean_full_credit_secondary,secondary,correlated_initial_mastery_global_mixture_050,20260830,structural_split2,-0.028463699553306965,-0.007689677617937596,negative,negative,False,False,structural_split2>true_kstar>coarse_linguistic_families,structural_split2>true_kstar>coarse_linguistic_families,False,False
observable_pfa_logistic_primary,primary,correlated_initial_mastery_global_mixture_050,20260831,coarse_linguistic_families,0.005356546559389663,0.0025293753499699145,positive,positive,False,False,true_kstar>structural_split2>coarse_linguistic_families,true_kstar>structural_split2>coarse_linguistic_families,False,False
observable_pfa_logistic_primary,primary,correlated_initial_mastery_global_mixture_050,20260831,structural_split2,0.0020343349581093406,0.0009717167254275627,positive,positive,False,False,true_kstar>structural_split2>coarse_linguistic_families,true_kstar>structural_split2>coarse_linguistic_families,False,False
empirical_history_secondary,secondary,correlated_initial_mastery_global_mixture_050,20260831,coarse_linguistic_families,0.0012454073554210021,0.0008190818633615482,positive,positive,False,False,true_kstar>coarse_linguistic_families>structural_split2,true_kstar>coarse_linguistic_families>structural_split2,False,False
empirical_history_secondary,secondary,correlated_initial_mastery_global_mixture_050,20260831,structural_split2,0.00894538562405156,0.003964962602305333,positive,positive,False,False,true_kstar>coarse_linguistic_families>structural_split2,true_kstar>coarse_linguistic_families>structural_split2,False,False
bkt_mean_full_credit_secondary,secondary,correlated_initial_mastery_global_mixture_050,20260831,coarse_linguistic_families,0.07402162384846656,0.02196684745314681,positive,positive,False,False,structural_split2>true_kstar>coarse_linguistic_families,structural_split2>true_kstar>coarse_linguistic_families,False,False
bkt_mean_full_credit_secondary,secondary,correlated_initial_mastery_global_mixture_050,20260831,structural_split2,-0.029812941071506338,-0.0078883175165963,negative,negative,False,False,structural_split2>true_kstar>coarse_linguistic_families,structural_split2>true_kstar>coarse_linguistic_families,False,False
observable_pfa_logistic_primary,primary,update_correct_only,20260829,coarse_linguistic_families,0.011390843841672216,0.005568886453032301,positive,positive,False,False,true_kstar>structural_split2>coarse_linguistic_families,true_kstar>structural_split2>coarse_linguistic_families,False,False
observable_pfa_logistic_primary,primary,update_correct_only,20260829,structural_split2,0.005208652563367555,0.0025338446107500134,positive,positive,False,False,true_kstar>structural_split2>coarse_linguistic_families,true_kstar>structural_split2>coarse_linguistic_families,False,False
empirical_history_secondary,secondary,update_correct_only,20260829,coarse_linguistic_families,0.0121130665145881,0.006056139565352031,positive,positive,False,False,true_kstar>structural_split2>coarse_linguistic_families,true_kstar>structural_split2>coarse_linguistic_families,True,True
empirical_history_secondary,secondary,update_correct_only,20260829,structural_split2,0.008487792292655616,0.0036066805993945905,positive,positive,False,False,true_kstar>structural_split2>coarse_linguistic_families,true_kstar>structural_split2>coarse_linguistic_families,True,True
bkt_mean_full_credit_secondary,secondary,update_correct_only,20260829,coarse_linguistic_families,0.084795714437921,0.029581460588199382,positive,positive,False,False,structural_split2>true_kstar>coarse_linguistic_families,structural_split2>true_kstar>coarse_linguistic_families,False,False
bkt_mean_full_credit_secondary,secondary,update_correct_only,20260829,structural_split2,-0.02414707609029343,-0.00796077717059368,negative,negative,False,False,structural_split2>true_kstar>coarse_linguistic_families,structural_split2>true_kstar>coarse_linguistic_families,False,False
observable_pfa_logistic_primary,primary,update_correct_only,20260830,coarse_linguistic_families,0.010697858299726248,0.005235334762209359,positive,positive,False,False,true_kstar>structural_split2>coarse_linguistic_families,true_kstar>structural_split2>coarse_linguistic_families,False,False
observable_pfa_logistic_primary,primary,update_correct_only,20260830,structural_split2,0.004769217112257085,0.002326814120316517,positive,positive,False,False,true_kstar>structural_split2>coarse_linguistic_families,true_kstar>structural_split2>coarse_linguistic_families,False,False
empirical_history_secondary,secondary,update_correct_only,20260830,coarse_linguistic_families,0.011885557534184965,0.006002338459498907,positive,positive,False,False,true_kstar>structural_split2>coarse_linguistic_families,true_kstar>structural_split2>coarse_linguistic_families,True,True
empirical_history_secondary,secondary,update_correct_only,20260830,structural_split2,0.007953941724805236,0.0034367329118614454,positive,positive,False,False,true_kstar>structural_split2>coarse_linguistic_families,true_kstar>structural_split2>coarse_linguistic_families,True,True
bkt_mean_full_credit_secondary,secondary,update_correct_only,20260830,coarse_linguistic_families,0.08818406492531927,0.03001258313491717,positive,positive,False,False,structural_split2>true_kstar>coarse_linguistic_families,structural_split2>true_kstar>coarse_linguistic_families,False,False
bkt_mean_full_credit_secondary,secondary,update_correct_only,20260830,structural_split2,-0.02675823915520481,-0.009241704794051342,negative,negative,False,False,structural_split2>true_kstar>coarse_linguistic_families,structural_split2>true_kstar>coarse_linguistic_families,False,False
observable_pfa_logistic_primary,primary,update_correct_only,20260831,coarse_linguistic_families,0.011167639010934094,0.0054575355622718535,positive,positive,False,False,true_kstar>structural_split2>coarse_linguistic_families,true_kstar>structural_split2>coarse_linguistic_families,False,False
observable_pfa_logistic_primary,primary,update_correct_only,20260831,structural_split2,0.005160620989179243,0.0025007694679289316,positive,positive,False,False,true_kstar>structural_split2>coarse_linguistic_families,true_kstar>structural_split2>coarse_linguistic_families,False,False
empirical_history_secondary,secondary,update_correct_only,20260831,coarse_linguistic_families,0.011744774900241284,0.005858436132849504,positive,positive,False,False,true_kstar>structural_split2>coarse_linguistic_families,true_kstar>structural_split2>coarse_linguistic_families,True,True
empirical_history_secondary,secondary,update_correct_only,20260831,structural_split2,0.008436034143216586,0.0035591352751707106,positive,positive,False,False,true_kstar>structural_split2>coarse_linguistic_families,true_kstar>structural_split2>coarse_linguistic_families,True,True
bkt_mean_full_credit_secondary,secondary,update_correct_only,20260831,coarse_linguistic_families,0.08617085396656443,0.030041892972520745,positive,positive,False,False,structural_split2>true_kstar>coarse_linguistic_families,structural_split2>true_kstar>coarse_linguistic_families,False,False
bkt_mean_full_credit_secondary,secondary,update_correct_only,20260831,structural_split2,-0.02230303065885375,-0.007454069088900783,negative,negative,False,False,structural_split2>true_kstar>coarse_linguistic_families,structural_split2>true_kstar>coarse_linguistic_families,False,False
